Refined Rags,+29776252673,Saint Kitts and Nevis,45087₽,hat
Refined Rags,+78403042623,Slovakia,89712₽,contribution
Lash Lounge,+85852662974,El Salvador,60994₽,addition
Sleek Styles,+72893940572,Uganda,57302₽,breath
Trendy Threads,+55485824711,Burkina Faso,99635₽,data
Smart Styles,+71341952045,Central African Republic,59811₽,affair
Modern Maven,+36486732565,Dominican Republic,93776₽,community
Modish Mannequins,+98559462413,Eritrea,82097₽,republic
Sleek Styles,+89215562866,Algeria,95961₽,departure
Trendsetting Tailors,+10907919263,Chile,87476₽,entry
Beauty Bar,+63815992873,Jordan,48183₽,oven
Crisp Creations,+23162229044,Madagascar,88362₽,preparation
Dapper Designs,+91563991360,Tajikistan,12184₽,breath
Trendy Threads,+18665498411,Equatorial Guinea,97044₽,tea
Classy Collections,+5135101736,Greece,53505₽,awareness
Stellar Stitches,+37875723181,Gabon,33510₽,definition
Sophisticated Sewing,+36604211731,Rwanda,64590₽,awareness
Refined Rags,+39889894234,San Marino,26350₽,cigarette
Chic Couture,+9369106773,Guinea-Bissau,52934₽,description
Makeup Maven,+51280190843,Trinidad and Tobago,97549₽,language
Smart Styles,+83138895950,Sweden,27355₽,revolution
Trendy Threads,+43456870525,Oman,88908₽,tennis
Classy Collections,+1726371674,Serbia,68653₽,pizza
Trendsetting Tailors,+90332135338,Cyprus,24969₽,development
Fine Fabrics,+81373726823,Czech Republic,84320₽,contribution
Sleek Styles,+14315610556,Gabon,65535₽,construction
Chic Boutique,+93374080760,Andorra,51610₽,republic
Haute Hues,+2438151896,"Korea, North",37077₽,hat
Urban Upmarket,+81654144134,Morocco,87262₽,pie
Clipper Cuts,+14850602951,South Sudan,44770₽,cell
Glamour Galore,+67540819253,Austria,88489₽,departure
Urban Upmarket,+34706496285,Seychelles,79820₽,cigarette
Salon Suites,+5360191571,Costa Rica,25953₽,fishing
Haute Hues,+3168437832,Bahrain,40851₽,opinion
Makeup Maven,+87669833795,Papua New Guinea,49807₽,distribution
Elegant Ensembles,+17693288596,Kuwait,77219₽,height
Makeup Maven,+51103780762,Uganda,43443₽,contract
Trendy Threads,+14224593830,Djibouti,42792₽,height
Body Bliss,+30812588573,Dominica,57801₽,refrigerator
Classy Collections,+72637225592,Malawi,25150₽,sample
Sophisticated Sewing,+25483779105,Norway,29013₽,advertising
Sophisticated Sewing,+33883792396,Chile,47282₽,cigarette
Clipper Cuts,+0746521692,Malawi,64789₽,library
Crisp Creations,+4738317486,Nigeria,15043₽,revenue
Brow Boosters,+94686957356,Brazil,18321₽,county
Modern Maven,+31273580407,Iraq,13800₽,elevator
Salon Suites,+50658115431,Israel,99094₽,administration
Sophisticated Sewing,+49602679333,Samoa,82277₽,addition
Crisp Creations,+490562476,Nepal,27619₽,organization
Chic Couture,+54488841389,Uzbekistan,10874₽,oven
Trendy Threads,+49765495398,Equatorial Guinea,48253₽,emphasis
Elegant Ensembles,+28209765469,Malaysia,10792₽,administration
Smart Styles,+3531517230,Romania,18286₽,revenue
Chic Couture,+27239100985,Cote d'Ivoire,45416₽,midnight
Modern Maven,+91795685012,Slovenia,17738₽,pie
Elite Elegance,+94693583780,Antigua and Barbuda,79125₽,cookie
Trendy Threads,+6438382416,Nigeria,94931₽,dealer
Lash Lounge,+84836787918,Somalia,64839₽,organization
Chic Boutique,+75599458179,Mauritania,78857₽,oven
Brow Boosters,+0735531885,Djibouti,18305₽,topic
Sleek Styles,+44604105494,Tonga,92356₽,preparation
Modish Mannequins,+10207671255,Belarus,16535₽,agreement
Sophisticated Sewing,+36149254467,Switzerland,91585₽,mixture
Urban Upmarket,+73312560760,Saint Vincent and the Grenadines,80855₽,awareness
Trendy Threads,+13165033100,Vietnam,48000₽,woman
Chic Boutique,+82164891647,South Africa,53644₽,perception
Sophisticated Sewing,+51379120549,The Bahamas,52463₽,breath
Glow Getter,+54626589950,United Arab Emirates,12936₽,stranger
Salon Suites,+58126315360,Thailand,45327₽,injury
Nail Nook,+46271245421,Belize,19183₽,drawer
